"Status","Start Time","Stop Time","Duration in ms","Parent Suite","Suite","Sub Suite","Test Class","Test Method","Name","Description"
"passed","Tue Sep 29 12:37:06 UTC 2026","Tue Sep 29 12:37:06 UTC 2026","360","Surefire suite","Surefire test","com.example.app.api.AuthTest","com.example.app.api.AuthTest","shouldLogin","shouldLogin",""
"broken","Tue Sep 29 12:36:54 UTC 2026","Tue Sep 29 12:36:54 UTC 2026","2","Surefire suite","Surefire test","com.example.app.db.DbSmokeTest","com.example.app.db.DbSmokeTest","shouldInsertAndCountBooking","shouldInsertAndCountBooking",""
"passed","Tue Sep 29 12:37:07 UTC 2026","Tue Sep 29 12:37:08 UTC 2026","1064","Surefire suite","Surefire test","com.example.app.api.DeleteBookingNegativeTest","com.example.app.api.DeleteBookingNegativeTest","deleteWithInvalidTokenShouldReturn403","deleteWithInvalidTokenShouldReturn403",""
"passed","Tue Sep 29 12:36:53 UTC 2026","Tue Sep 29 12:36:54 UTC 2026","641","Surefire suite","Surefire test","com.example.app.ui.saucedemo.tests.InventorySortingTest","com.example.app.ui.saucedemo.tests.InventorySortingTest","shouldSortItemsByPriceDescending","shouldSortItemsByPriceDescending",""
"passed","Tue Sep 29 12:36:12 UTC 2026","Tue Sep 29 12:36:12 UTC 2026","408","Surefire suite","Surefire test","com.example.app.ui.saucedemo.tests.LoginNegativeTest","com.example.app.ui.saucedemo.tests.LoginNegativeTest","shouldShowErrorWhenUserIsLocked","shouldShowErrorWhenUserIsLocked",""
"passed","Tue Sep 29 12:36:52 UTC 2026","Tue Sep 29 12:36:52 UTC 2026","646","Surefire suite","Surefire test","com.example.app.ui.saucedemo.tests.InventorySortingTest","com.example.app.ui.saucedemo.tests.InventorySortingTest","shouldSortItemsByPriceAscending","shouldSortItemsByPriceAscending",""
"passed","Tue Sep 29 12:36:59 UTC 2026","Tue Sep 29 12:36:59 UTC 2026","365","Surefire suite","Surefire test","com.example.app.api.BookingTest","com.example.app.api.BookingTest","createBookingWithEmptyFieldsShouldReturn200","createBookingWithEmptyFieldsShouldReturn200",""
"passed","Tue Sep 29 12:36:59 UTC 2026","Tue Sep 29 12:37:01 UTC 2026","1797","Surefire suite","Surefire test","com.example.app.api.BookingTest","com.example.app.api.BookingTest","fullBookingLifecycle","fullBookingLifecycle",""
"passed","Tue Sep 29 12:37:03 UTC 2026","Tue Sep 29 12:37:04 UTC 2026","701","Surefire suite","Surefire test","com.example.app.api.GetBookingTest","com.example.app.api.GetBookingTest","shouldReturnFullBookingObject","shouldReturnFullBookingObject",""
"passed","Tue Sep 29 12:36:47 UTC 2026","Tue Sep 29 12:36:48 UTC 2026","762","Surefire suite","Surefire test","com.example.app.ui.saucedemo.tests.AddToCartTest","com.example.app.ui.saucedemo.tests.AddToCartTest","shouldAddMultipleProducts","shouldAddMultipleProducts",""
"passed","Tue Sep 29 12:37:01 UTC 2026","Tue Sep 29 12:37:02 UTC 2026","724","Surefire suite","Surefire test","com.example.app.api.GetBookingNegativeTest","com.example.app.api.GetBookingNegativeTest","getBookingWithInvalidIdShouldReturn404","getBookingWithInvalidIdShouldReturn404",""
"passed","Tue Sep 29 12:36:30 UTC 2026","Tue Sep 29 12:36:30 UTC 2026","899","Surefire suite","Surefire test","com.example.app.ui.saucedemo.tests.CartRegressionTest","com.example.app.ui.saucedemo.tests.CartRegressionTest","shouldContinueShoppingAndKeepCartItems","shouldContinueShoppingAndKeepCartItems",""
"broken","Tue Sep 29 12:36:54 UTC 2026","Tue Sep 29 12:36:54 UTC 2026","1","Surefire suite","Surefire test","com.example.app.db.DbSmokeTest","com.example.app.db.DbSmokeTest","shouldInsertAndFindByApiId","shouldInsertAndFindByApiId",""
"passed","Tue Sep 29 12:36:11 UTC 2026","Tue Sep 29 12:36:11 UTC 2026","460","Surefire suite","Surefire test","com.example.app.ui.saucedemo.tests.LoginNegativeTest","com.example.app.ui.saucedemo.tests.LoginNegativeTest","shouldShowErrorWhenPasswordIsWrong","shouldShowErrorWhenPasswordIsWrong",""
"passed","Tue Sep 29 12:36:58 UTC 2026","Tue Sep 29 12:36:58 UTC 2026","354","Surefire suite","Surefire test","com.example.app.api.HealthTest","com.example.app.api.HealthTest","pingShouldReturn201","pingShouldReturn201",""
"passed","Tue Sep 29 12:36:54 UTC 2026","Tue Sep 29 12:36:58 UTC 2026","3513","Surefire suite","Surefire test","com.example.app.api.DeleteBookingTest","com.example.app.api.DeleteBookingTest","shouldDeleteBooking","shouldDeleteBooking",""
"passed","Tue Sep 29 12:36:05 UTC 2026","Tue Sep 29 12:36:07 UTC 2026","2003","Surefire suite","Surefire test","com.example.app.ui.saucedemo.e2e.CheckoutE2ETest","com.example.app.ui.saucedemo.e2e.CheckoutE2ETest","shouldCompleteCheckoutFlow","shouldCompleteCheckoutFlow",""
"passed","Tue Sep 29 12:36:50 UTC 2026","Tue Sep 29 12:36:51 UTC 2026","675","Surefire suite","Surefire test","com.example.app.ui.saucedemo.tests.InventorySortingTest","com.example.app.ui.saucedemo.tests.InventorySortingTest","shouldSortItemsByNameDescending","shouldSortItemsByNameDescending",""
"passed","Tue Sep 29 12:36:15 UTC 2026","Tue Sep 29 12:36:16 UTC 2026","1302","Surefire suite","Surefire test","com.example.app.ui.saucedemo.tests.ResetAppStateTest","com.example.app.ui.saucedemo.tests.ResetAppStateTest","shouldResetAppStateFromBurgerMenu","shouldResetAppStateFromBurgerMenu",""
"passed","Tue Sep 29 12:37:08 UTC 2026","Tue Sep 29 12:37:09 UTC 2026","1071","Surefire suite","Surefire test","com.example.app.api.DeleteBookingNegativeTest","com.example.app.api.DeleteBookingNegativeTest","deleteWithNoTokenShouldReturn403","deleteWithNoTokenShouldReturn403",""
"passed","Tue Sep 29 12:37:04 UTC 2026","Tue Sep 29 12:37:05 UTC 2026","1171","Surefire suite","Surefire test","com.example.app.api.AuthNegativeTest","com.example.app.api.AuthNegativeTest","loginWithEmptyBody","loginWithEmptyBody",""
"passed","Tue Sep 29 12:36:26 UTC 2026","Tue Sep 29 12:36:27 UTC 2026","1375","Surefire suite","Surefire test","com.example.app.ui.saucedemo.tests.CheckoutOverviewTest","com.example.app.ui.saucedemo.tests.CheckoutOverviewTest","shouldReturnToInventoryWhenCancelFromOverview","shouldReturnToInventoryWhenCancelFromOverview",""
"passed","Tue Sep 29 12:36:22 UTC 2026","Tue Sep 29 12:36:23 UTC 2026","1087","Surefire suite","Surefire test","com.example.app.ui.saucedemo.tests.CheckoutStepOneValidationTest","com.example.app.ui.saucedemo.tests.CheckoutStepOneValidationTest","shouldShowErrorWhenZipIsEmpty","shouldShowErrorWhenZipIsEmpty",""
"passed","Tue Sep 29 12:36:20 UTC 2026","Tue Sep 29 12:36:21 UTC 2026","997","Surefire suite","Surefire test","com.example.app.ui.saucedemo.tests.CheckoutStepOneValidationTest","com.example.app.ui.saucedemo.tests.CheckoutStepOneValidationTest","shouldShowErrorWhenLastNameIsEmpty","shouldShowErrorWhenLastNameIsEmpty",""
"passed","Tue Sep 29 12:37:02 UTC 2026","Tue Sep 29 12:37:02 UTC 2026","694","Surefire suite","Surefire test","com.example.app.api.GetBookingNegativeTest","com.example.app.api.GetBookingNegativeTest","getBookingWithStringIdShouldReturn404","getBookingWithStringIdShouldReturn404",""
"passed","Tue Sep 29 12:37:09 UTC 2026","Tue Sep 29 12:37:10 UTC 2026","1053","Surefire suite","Surefire test","com.example.app.api.UpdateBookingTest","com.example.app.api.UpdateBookingTest","shouldUpdateBooking","shouldUpdateBooking",""
"passed","Tue Sep 29 12:36:33 UTC 2026","Tue Sep 29 12:36:33 UTC 2026","696","Surefire suite","Surefire test","com.example.app.ui.saucedemo.tests.CartRegressionTest","com.example.app.ui.saucedemo.tests.CartRegressionTest","shouldRemoveItemFromCart","shouldRemoveItemFromCart",""
"passed","Tue Sep 29 12:36:17 UTC 2026","Tue Sep 29 12:36:17 UTC 2026","778","Surefire suite","Surefire test","com.example.app.ui.saucedemo.tests.CheckoutStepOneValidationTest","com.example.app.ui.saucedemo.tests.CheckoutStepOneValidationTest","shouldReturnToCartWhenCancelClicked","shouldReturnToCartWhenCancelClicked",""
"passed","Tue Sep 29 12:36:08 UTC 2026","Tue Sep 29 12:36:08 UTC 2026","552","Surefire suite","Surefire test","com.example.app.ui.saucedemo.tests.LoginSmokeTest","com.example.app.ui.saucedemo.tests.LoginSmokeTest","loginShouldOpenInventory","loginShouldOpenInventory",""
"passed","Tue Sep 29 12:36:49 UTC 2026","Tue Sep 29 12:36:49 UTC 2026","679","Surefire suite","Surefire test","com.example.app.ui.saucedemo.tests.InventorySortingTest","com.example.app.ui.saucedemo.tests.InventorySortingTest","shouldSortItemsByNameAscending","shouldSortItemsByNameAscending",""
"passed","Tue Sep 29 12:36:24 UTC 2026","Tue Sep 29 12:36:25 UTC 2026","1190","Surefire suite","Surefire test","com.example.app.ui.saucedemo.tests.CheckoutOverviewTest","com.example.app.ui.saucedemo.tests.CheckoutOverviewTest","shouldDisplayTotalOnCheckoutOverview","shouldDisplayTotalOnCheckoutOverview",""
"passed","Tue Sep 29 12:36:46 UTC 2026","Tue Sep 29 12:36:46 UTC 2026","651","Surefire suite","Surefire test","com.example.app.ui.saucedemo.tests.AddToCartTest","com.example.app.ui.saucedemo.tests.AddToCartTest","addBackpackShouldAppearInCart","addBackpackShouldAppearInCart",""
"passed","Tue Sep 29 12:36:31 UTC 2026","Tue Sep 29 12:36:32 UTC 2026","818","Surefire suite","Surefire test","com.example.app.ui.saucedemo.tests.CartRegressionTest","com.example.app.ui.saucedemo.tests.CartRegressionTest","shouldKeepCartAfterInventoryRefresh","shouldKeepCartAfterInventoryRefresh",""
"passed","Tue Sep 29 12:37:06 UTC 2026","Tue Sep 29 12:37:07 UTC 2026","734","Surefire suite","Surefire test","com.example.app.api.DeleteBookingNegativeTest","com.example.app.api.DeleteBookingNegativeTest","deleteInvalidIdShouldReturn405","deleteInvalidIdShouldReturn405",""
"passed","Tue Sep 29 12:36:36 UTC 2026","Tue Sep 29 12:36:45 UTC 2026","8797","Surefire suite","Surefire test","com.example.app.ui.saucedemo.tests.RemoveFromInventoryTest","com.example.app.ui.saucedemo.tests.RemoveFromInventoryTest","RemoveFromInventoryTest","RemoveFromInventoryTest",""
"passed","Tue Sep 29 12:36:18 UTC 2026","Tue Sep 29 12:36:19 UTC 2026","1028","Surefire suite","Surefire test","com.example.app.ui.saucedemo.tests.CheckoutStepOneValidationTest","com.example.app.ui.saucedemo.tests.CheckoutStepOneValidationTest","shouldShowErrorWhenFirstNameIsEmpty","shouldShowErrorWhenFirstNameIsEmpty",""
"broken","Tue Sep 29 12:36:54 UTC 2026","Tue Sep 29 12:36:54 UTC 2026","72","Surefire suite","Surefire test","com.example.app.db.DbSmokeTest","com.example.app.db.DbSmokeTest","shouldConnectAndCountBookings","shouldConnectAndCountBookings",""
"passed","Tue Sep 29 12:36:58 UTC 2026","Tue Sep 29 12:36:59 UTC 2026","367","Surefire suite","Surefire test","com.example.app.api.BookingTest","com.example.app.api.BookingTest","createBookingShouldReturn200AndIdPresent","createBookingShouldReturn200AndIdPresent",""
"passed","Tue Sep 29 12:37:06 UTC 2026","Tue Sep 29 12:37:06 UTC 2026","403","Surefire suite","Surefire test","com.example.app.api.AuthNegativeTest","com.example.app.api.AuthNegativeTest","loginWithInvalidUsername","loginWithInvalidUsername",""
"passed","Tue Sep 29 12:36:28 UTC 2026","Tue Sep 29 12:36:29 UTC 2026","707","Surefire suite","Surefire test","com.example.app.ui.saucedemo.tests.CheckoutSmokeTest","com.example.app.ui.saucedemo.tests.CheckoutSmokeTest","shouldOpenCheckoutStepOne","shouldOpenCheckoutStepOne",""
"passed","Tue Sep 29 12:36:09 UTC 2026","Tue Sep 29 12:36:10 UTC 2026","419","Surefire suite","Surefire test","com.example.app.ui.saucedemo.tests.LoginNegativeTest","com.example.app.ui.saucedemo.tests.LoginNegativeTest","shouldShowErrorWhenPasswordIsEmpty","shouldShowErrorWhenPasswordIsEmpty",""
"passed","Tue Sep 29 12:37:02 UTC 2026","Tue Sep 29 12:37:03 UTC 2026","1057","Surefire suite","Surefire test","com.example.app.api.UpdateBookingNegativeTest","com.example.app.api.UpdateBookingNegativeTest","updateWithoutTokenShouldReturn403","updateWithoutTokenShouldReturn403",""
"passed","Tue Sep 29 12:37:05 UTC 2026","Tue Sep 29 12:37:06 UTC 2026","373","Surefire suite","Surefire test","com.example.app.api.AuthNegativeTest","com.example.app.api.AuthNegativeTest","loginWithInvalidPassword","loginWithInvalidPassword",""
"passed","Tue Sep 29 12:36:34 UTC 2026","Tue Sep 29 12:36:35 UTC 2026","1124","Surefire suite","Surefire test","com.example.app.ui.saucedemo.tests.LogoutTest","com.example.app.ui.saucedemo.tests.LogoutTest","shouldLogoutSuccessfully","shouldLogoutSuccessfully",""
"passed","Tue Sep 29 12:36:13 UTC 2026","Tue Sep 29 12:36:14 UTC 2026","409","Surefire suite","Surefire test","com.example.app.ui.saucedemo.tests.LoginNegativeTest","com.example.app.ui.saucedemo.tests.LoginNegativeTest","shouldShowErrorWhenUsernameIsEmpty","shouldShowErrorWhenUsernameIsEmpty",""
